{
  "files": "[]",
  "typeEvent": "16a1d900-fdf2-11ea-8f25-5f5d3ac1c010",
  "target": "Increase the sales of products.",
  "auditor": "Young active people using social media.",
  "comment": "Facebook/Instagram ads.",
  "dateCreate": "2020-09-24T00:12:38.359Z",
  "id": "a7976670-fdfa-11ea-8f25-5f5d3ac1c010",
  "organization": [
    "f08c9740-fdf2-11ea-8f25-5f5d3ac1c010"
  ],
  "product": [
    "5cbb6de0-fdfa-11ea-8f25-5f5d3ac1c010",
    "8d2dbb50-fdf9-11ea-8f25-5f5d3ac1c010",
    "ce8750c0-fdf9-11ea-8f25-5f5d3ac1c010"
  ],
  "person": [
    "17158cf0-fdf3-11ea-8f25-5f5d3ac1c010",
    "5e20ce70-fdf3-11ea-8f25-5f5d3ac1c010"
  ],
  "_class": "marketing@crm-en",
  "_classVer": "",
  "_creator": "demo@local",
  "___workflowStatus": {}
}