{
  "name": "MOON LENCE Camping Tent 4 Person Double Layer Outdoor Tent",
  "file": "ckfg196x9000120mwnz4z8hb1",
  "description": "Roomy 4-person Tent: With the unfolding size of 213*213*132cm (83.8*83.8*51.9in), the tent is spacious for 4 adults. Weigh 3.4kg (7.5lb), it can be stored in to the 42*15.5*15.5cm (16.5*6.1*6.1in) carry bag. Super easy to carry it everywhere.",
  "id": "dd6b2470-fdf6-11ea-8f25-5f5d3ac1c010",
  "state": "create",
  "_class": "product@crm-en",
  "_classVer": "",
  "_creator": "demo@local",
  "___workflowStatus": {
    "product@crm-en": {
      "next": {
        "createInsell": {
          "name": "createInsell",
          "caption": "Start sale events",
          "signBefore": false,
          "signAfter": false,
          "confirm": false,
          "confirmMessage": ""
        }
      },
      "workflowCaption": "Sale of product",
      "stageCaption": "Created",
      "stage": "create"
    }
  }
}