{
  "name": "Intex Explorer Inflatable Boat 200",
  "file": "ckfg0v163000020mwkn8uflqu",
  "description": "Plastic, imported, perfect for the pool or lake.\nInflatable floor for comfort and rigidity. Grab rope on bow, welded oar locks.\n2 air chambers with double valves, repair patch included.\nMeasures 73\" x 37\" x 16\"; Weight capacity 210 lb.Age Grading:6+",
  "id": "118d5a80-fdf6-11ea-8f25-5f5d3ac1c010",
  "state": "create",
  "_class": "product@crm-en",
  "_classVer": "",
  "_creator": "demo@local",
  "_editor": "demo@local",
  "___workflowStatus": {
    "product@crm-en": {
      "next": {
        "createInsell": {
          "name": "createInsell",
          "caption": "Start sale events",
          "signBefore": false,
          "signAfter": false,
          "confirm": false,
          "confirmMessage": ""
        }
      },
      "workflowCaption": "Sale of product",
      "stageCaption": "Created",
      "stage": "create"
    }
  }
}