{
  "name": "Jack Wolfskin Unisex Adults' Astro 30 Pack Hiking Backpack, Electric Blue",
  "file": "ckfg1fza2000220mwutukyuis",
  "description": "100% Polyester. Flexible CARRYING system classic. Ergonomic shoulder straps.\nTear proof. Pfc-free. Trekking pole Attachment.",
  "id": "fadb0ab0-fdf7-11ea-8f25-5f5d3ac1c010",
  "state": "create",
  "_class": "product@crm-en",
  "_classVer": "",
  "_creator": "demo@local",
  "___workflowStatus": {
    "product@crm-en": {
      "next": {
        "createInsell": {
          "name": "createInsell",
          "caption": "Start sale events",
          "signBefore": false,
          "signAfter": false,
          "confirm": false,
          "confirmMessage": ""
        }
      },
      "workflowCaption": "Sale of product",
      "stageCaption": "Created",
      "stage": "create"
    }
  }
}