{
  "doc": "[]",
  "name": "118d5a80-fdf6-11ea-8f25-5f5d3ac1c010",
  "description": "Glide down a lazy river or across the pool with ease in the Intex Explorer 200 Boat. Perfect for one or two passengers to enjoy a relaxing day on calm waters. This set includes a pair of 48\" French Oars and and an Intex Double-Quick Hand Air Pump.",
  "price": "CA$35,55",
  "struct": "Standard price CA$39,50 with 10% discount for targeted social media clients.",
  "quantity": "5",
  "id": "90076b60-fdfd-11ea-8f25-5f5d3ac1c010",
  "_class": "saleProduct@crm-en",
  "_classVer": "",
  "_creator": "demo@local",
  "___workflowStatus": {}
}