{
  "endTaskClassification": false,
  "needRefactoringScenario": false,
  "support": "001",
  "taskClassification": null,
  "name": "Consultation on product",
  "scenario": "<p style=\"margin-bottom: 0cm; line-height: 100%; orphans: 2; widows: 2;\"><span style=\"color: #000000;\"><span style=\"font-family: Liberation Serif, serif;\"><span style=\"font-size: 12pt;\">G</span></span></span><span style=\"color: #000000;\"><span style=\"font-family: Liberation Serif, serif;\"><span style=\"font-size: 12pt;\">reetings: </span></span></span><span style=\"color: #000000;\"><span style=\"font-family: Liberation Serif, serif;\"><span style=\"font-size: 12pt;\">Hello. CA Camp, Lily speaking, how may I help you?</span></span></span></p>\n<p style=\"margin-bottom: 0cm; line-height: 100%; orphans: 2; widows: 2;\">&nbsp;</p>\n<p style=\"margin-bottom: 0cm; line-height: 100%; orphans: 2; widows: 2;\"><span style=\"color: #000000;\"><span style=\"font-family: Liberation Serif, serif;\"><span style=\"font-size: medium;\">Note! Always have the product catalog in front of you.</span></span></span></p>\n<p style=\"margin-bottom: 0cm; line-height: 100%; orphans: 2; widows: 2;\">&nbsp;</p>\n<p style=\"margin-bottom: 0cm; line-height: 100%; orphans: 2; widows: 2;\"><span style=\"color: #000000;\"><span style=\"font-family: Liberation Serif, serif;\"><span style=\"font-size: medium;\">Remember: smile, be polite, pay attention to the customer! Don&rsquo;t say &ldquo;no&rdquo; if there is no product a customer is interested in, offer other options.</span></span></span></p>\n<p style=\"margin-bottom: 0cm; line-height: 100%; orphans: 2; widows: 2;\">&nbsp;</p>\n<p style=\"margin-bottom: 0cm; line-height: 100%; orphans: 2; widows: 2;\"><span style=\"color: #000000;\"><span style=\"font-family: Liberation Serif, serif;\"><span style=\"font-size: medium;\">Some useful link (example): </span></span></span><a href=\"https://iondv.com/portal/index\">https://iondv.com/portal/index</a></p>\n<p style=\"margin-bottom: 0cm; line-height: 100%; orphans: 2; widows: 2;\">&nbsp;</p>\n<p style=\"margin-bottom: 0cm; line-height: 100%; orphans: 2; widows: 2;\"><span style=\"color: #000000;\"><span style=\"font-family: Liberation Serif, serif;\"><span style=\"font-size: medium;\">P</span></span></span><span style=\"color: #000000;\"><span style=\"font-family: Liberation Serif, serif;\"><span style=\"font-size: medium;\">hone dialog example: </span></span></span></p>\n<p style=\"margin-bottom: 0cm; line-height: 100%; orphans: 2; widows: 2;\"><a name=\"productTitle\"></a><a name=\"title\"></a> <span style=\"color: #000000;\"><span style=\"font-family: Liberation Serif, serif;\"><span style=\"font-size: medium;\">- </span></span></span><span style=\"color: #000000;\"><span style=\"font-family: Liberation Serif, serif;\"><span style=\"font-size: medium;\">Hello! Please, I have a couple of questions about </span></span></span><span style=\"font-variant: normal;\"><span style=\"color: #000000;\"><span style=\"font-family: Liberation Serif, serif;\"><span style=\"font-size: medium;\"><span style=\"letter-spacing: normal;\"><span style=\"font-style: normal;\"><span style=\"font-weight: normal;\">MOON LENCE Camping Tent. How much does it weight?</span></span></span></span></span></span></span></p>\n<p style=\"margin-bottom: 0cm; line-height: 100%; orphans: 2; widows: 2;\"><span style=\"font-variant: normal;\"><span style=\"color: #000000;\"><span style=\"font-family: Liberation Serif, serif;\"><span style=\"font-size: medium;\"><span style=\"letter-spacing: normal;\"><span style=\"font-style: normal;\"><span style=\"font-weight: normal;\">- </span></span></span></span></span></span></span><span style=\"font-variant: normal;\"><span style=\"color: #000000;\"><span style=\"font-family: Liberation Serif, serif;\"><span style=\"font-size: medium;\"><span style=\"letter-spacing: normal;\"><span lang=\"en-US\"><span style=\"font-style: normal;\"><span style=\"font-weight: normal;\">Wait a second...</span></span></span></span></span></span></span></span><span style=\"font-variant: normal;\"><span style=\"color: #000000;\"><span style=\"font-family: Liberation Serif, serif;\"><span style=\"font-size: medium;\"><span style=\"letter-spacing: normal;\"><span lang=\"ru-RU\"><span style=\"font-style: normal;\"><span style=\"font-weight: normal;\">2.7kg (5.95lb).</span></span></span></span></span></span></span></span></p>\n<p style=\"margin-bottom: 0cm; line-height: 100%; orphans: 2; widows: 2;\"><span style=\"font-variant: normal;\"><span style=\"color: #000000;\"><span style=\"font-family: Liberation Serif, serif;\"><span style=\"font-size: medium;\"><span style=\"letter-spacing: normal;\"><span lang=\"ru-RU\"><span style=\"font-style: normal;\"><span style=\"font-weight: normal;\">- </span></span></span></span></span></span></span></span><span style=\"font-variant: normal;\"><span style=\"color: #000000;\"><span style=\"font-family: Liberation Serif, serif;\"><span style=\"font-size: medium;\"><span style=\"letter-spacing: normal;\"><span lang=\"en-US\"><span style=\"font-style: normal;\"><span style=\"font-weight: normal;\">Okay. This is for 2 persons, right? Is there for 4?</span></span></span></span></span></span></span></span></p>\n<p style=\"margin-bottom: 0cm; font-variant: normal; letter-spacing: normal; font-style: normal; font-weight: normal; line-height: 100%; orphans: 2; widows: 2;\"><span style=\"color: #000000;\"><span style=\"font-family: Liberation Serif, serif;\"><span style=\"font-size: medium;\">- Yes. It will weight a little bit more.</span></span></span></p>\n<p style=\"margin-bottom: 0cm; font-variant: normal; letter-spacing: normal; font-style: normal; font-weight: normal; line-height: 100%; orphans: 2; widows: 2;\"><span style=\"color: #000000;\"><span style=\"font-family: Liberation Serif, serif;\"><span style=\"font-size: medium;\">- That&rsquo;s okay. I&rsquo;ll talk to my wife and call you back!</span></span></span></p>\n<p style=\"margin-bottom: 0cm; font-variant: normal; letter-spacing: normal; font-style: normal; font-weight: normal; line-height: 100%; orphans: 2; widows: 2;\"><span style=\"color: #000000;\"><span style=\"font-family: Liberation Serif, serif;\"><span style=\"font-size: medium;\">- Sure! Have a nice day.</span></span></span></p>",
  "dateCreate": "2020-09-23T23:26:31.034Z",
  "dateСhange": "2020-09-23T23:26:31.034Z",
  "id": "36231da0-fdf4-11ea-8f25-5f5d3ac1c010",
  "_class": "supportScenario@crm-en",
  "_classVer": "",
  "_creator": "demo@local",
  "___workflowStatus": {}
}