{
  "endTaskClassification": false,
  "needRefactoringScenario": false,
  "support": "001",
  "taskClassification": null,
  "name": "Order of Product",
  "scenario": "<p style=\"margin-bottom: 0cm; line-height: 100%; orphans: 2; widows: 2;\"><span style=\"color: #000000;\"><span style=\"font-family: Liberation Serif, serif;\"><span style=\"font-size: medium;\">Hello. CA Camp, Lily speaking, how may I help you?</span></span></span></p>\n<p style=\"margin-bottom: 0cm; line-height: 100%; orphans: 2; widows: 2;\"><span style=\"color: #000000;\"><span style=\"font-family: Liberation Serif, serif;\"><span style=\"font-size: medium;\">Instructions when receiving order:</span></span></span></p>\n<p style=\"margin-bottom: 0cm; line-height: 100%; orphans: 2; widows: 2;\"><span style=\"color: #000000;\"><span style=\"font-family: Liberation Serif, serif;\"><span style=\"font-size: medium;\">1) Always check product number</span></span></span></p>\n<p style=\"margin-bottom: 0cm; line-height: 100%; orphans: 2; widows: 2;\"><span style=\"color: #000000;\"><span style=\"font-family: Liberation Serif, serif;\"><span style=\"font-size: medium;\">2) Ask customer&rsquo;s name and use their name when talking to</span></span></span></p>\n<p style=\"margin-bottom: 0cm; line-height: 100%; orphans: 2; widows: 2;\"><span style=\"color: #000000;\"><span style=\"font-family: Liberation Serif, serif;\"><span style=\"font-size: medium;\">3) Take customer&rsquo;s phone number</span></span></span></p>\n<p style=\"margin-bottom: 0cm; line-height: 100%; orphans: 2; widows: 2;\"><span style=\"color: #000000;\"><span style=\"font-family: Liberation Serif, serif;\"><span style=\"font-size: medium;\">4) Issue a warranty card if required</span></span></span></p>\n<p style=\"margin-bottom: 0cm; line-height: 100%; orphans: 2; widows: 2;\">&nbsp;</p>\n<p style=\"margin-bottom: 0cm; line-height: 100%; orphans: 2; widows: 2;\"><span style=\"color: #000000;\"><span style=\"font-family: Liberation Serif, serif;\"><span style=\"font-size: medium;\">Phone dialog example:</span></span></span></p>\n<p style=\"margin-bottom: 0cm; line-height: 100%; orphans: 2; widows: 2;\"><span style=\"color: #000000;\"><span style=\"font-family: Liberation Serif, serif;\"><span style=\"font-size: medium;\">- <span lang=\"en-US\">Hello! Do you sell inflatable boats?</span></span></span></span></p>\n<p style=\"margin-bottom: 0cm; line-height: 100%; orphans: 2; widows: 2;\"><span style=\"color: #000000;\"><span style=\"font-family: Liberation Serif, serif;\"><span style=\"font-size: medium;\">- Sure. For how many people do you need a boat?</span></span></span></p>\n<p style=\"margin-bottom: 0cm; line-height: 100%; orphans: 2; widows: 2;\"><span style=\"color: #000000;\"><span style=\"font-family: Liberation Serif, serif;\"><span style=\"font-size: medium;\">- Hmm, I guess for 2 will be enough.</span></span></span></p>\n<p style=\"margin-bottom: 0cm; line-height: 100%; orphans: 2; widows: 2;\"><span style=\"color: #000000;\"><span style=\"font-family: Liberation Serif, serif;\"><span style=\"font-size: medium;\">- Ok. We have Intex Explorer Boats, pretty good ones and very popular.</span></span></span></p>\n<p style=\"margin-bottom: 0cm; line-height: 100%; orphans: 2; widows: 2;\"><span style=\"color: #000000;\"><span style=\"font-family: Liberation Serif, serif;\"><span style=\"font-size: medium;\">- How much it costs?</span></span></span></p>\n<p style=\"margin-bottom: 0cm; line-height: 100%; orphans: 2; widows: 2;\"><span style=\"color: #000000;\"><span style=\"font-family: Liberation Serif, serif;\"><span style=\"font-size: medium;\">- CA$39,50 and you will get 10% discount.</span></span></span></p>\n<p style=\"margin-bottom: 0cm; line-height: 100%; orphans: 2; widows: 2;\"><span style=\"color: #000000;\"><span style=\"font-family: Liberation Serif, serif;\"><span style=\"font-size: medium;\">- Great. Can I make an order and come buy it tomorrow?</span></span></span></p>\n<p style=\"margin-bottom: 0cm; line-height: 100%; orphans: 2; widows: 2;\"><span style=\"color: #000000;\"><span style=\"font-family: Liberation Serif, serif;\"><span style=\"font-size: medium;\">- Sure. What&rsquo;s your name and phone number?</span></span></span></p>\n<p style=\"margin-bottom: 0cm; line-height: 100%; orphans: 2; widows: 2;\"><span style=\"color: #000000;\"><span style=\"font-family: Liberation Serif, serif;\"><span style=\"font-size: medium;\">- I&rsquo;m David. +1 647 546 42 89</span></span></span></p>\n<p style=\"margin-bottom: 0cm; line-height: 100%; orphans: 2; widows: 2;\"><span style=\"color: #000000;\"><span style=\"font-family: Liberation Serif, serif;\"><span style=\"font-size: medium;\">- Okay. Waiting for you tomorrow!</span></span></span></p>",
  "dateCreate": "2020-09-23T23:25:03.728Z",
  "dateСhange": "2020-09-23T23:25:03.728Z",
  "id": "02194700-fdf4-11ea-8f25-5f5d3ac1c010",
  "_class": "supportScenario@crm-en",
  "_classVer": "",
  "_creator": "demo@local",
  "___workflowStatus": {}
}