{
  "endTaskClassification": false,
  "needRefactoringScenario": false,
  "support": "001",
  "taskClassification": null,
  "scenario": "<p style=\"margin-bottom: 0cm; line-height: 100%; orphans: 2; widows: 2;\"><span style=\"color: #000000;\"><span style=\"font-family: Liberation Serif, serif;\"><span style=\"font-size: medium;\">- Greetings.</span></span></span></p>\n<p style=\"margin-bottom: 0cm; line-height: 100%; orphans: 2; widows: 2;\"><span style=\"color: #000000;\"><span style=\"font-family: Liberation Serif, serif;\"><span style=\"font-size: medium;\">Note! Remind a customer to take the warranty card.</span></span></span></p>\n<p style=\"margin-bottom: 0cm; line-height: 100%; orphans: 2; widows: 2;\">&nbsp;</p>\n<p style=\"margin-bottom: 0cm; line-height: 100%;\"><span style=\"color: #000000;\"><span style=\"font-family: Liberation Serif, serif;\"><span style=\"font-size: 12pt;\">P</span></span></span><span style=\"color: #000000;\"><span style=\"font-family: Liberation Serif, serif;\"><span style=\"font-size: 12pt;\">hone dialog example:</span></span></span></p>\n<p style=\"margin-bottom: 0cm; line-height: 100%; orphans: 2; widows: 2;\"><span style=\"color: #000000;\"><span style=\"font-family: Liberation Serif, serif;\"><span style=\"font-size: medium;\">- Hello! I bought a backpack at your store last week, and I didn't notice it right away, but the lock on the inner pocket is broken.</span></span></span></p>\n<p style=\"margin-bottom: 0cm; line-height: 100%; orphans: 2; widows: 2;\"><span style=\"color: #000000;\"><span style=\"font-family: Liberation Serif, serif;\"><span style=\"font-size: medium;\">- Are you sure it didn't break during the use?</span></span></span></p>\n<p style=\"margin-bottom: 0cm; line-height: 100%; orphans: 2; widows: 2;\"><span style=\"color: #000000;\"><span style=\"font-family: Liberation Serif, serif;\"><span style=\"font-size: medium;\">- I am, I haven&rsquo;t used it yet, yesterday I began to fold things inside and noticed.</span></span></span></p>\n<p style=\"margin-bottom: 0cm; line-height: 100%; orphans: 2; widows: 2;\"><span style=\"color: #000000;\"><span style=\"font-family: Liberation Serif, serif;\"><span style=\"font-size: medium;\">- <span lang=\"en-US\">Okay</span>! Bring it as soon as you can, we will check this out. Remember to take the warranty card!</span></span></span></p>\n<p style=\"margin-bottom: 0cm; line-height: 100%; orphans: 2; widows: 2;\"><span style=\"color: #000000;\"><span style=\"font-family: Liberation Serif, serif;\"><span style=\"font-size: medium;\">- Sure, thanks! I&rsquo;ll come today around 18.</span></span></span></p>\n<p style=\"margin-bottom: 0cm; line-height: 100%; orphans: 2; widows: 2;\"><span style=\"color: #000000;\"><span style=\"font-family: Liberation Serif, serif;\"><span style=\"font-size: medium;\">- Okay!</span></span></span></p>",
  "name": "Warranty case",
  "dateCreate": "2020-09-23T23:28:40.455Z",
  "dateСhange": "2020-09-23T23:28:40.455Z",
  "id": "83473170-fdf4-11ea-8f25-5f5d3ac1c010",
  "_class": "supportScenario@crm-en",
  "_classVer": "",
  "_creator": "demo@local",
  "___workflowStatus": {}
}